PassengerId,Survived,Pclass,Sex,Age,SibSp,Parch,Fare,Embarked
1,0,3,0,22,1,0,7.25,1
2,1,1,1,38,1,0,71.2833,2
3,1,3,1,26,0,0,7.925,1
4,1,1,1,35,1,0,53.1,1
5,0,3,0,35,0,0,8.05,1
6,0,3,0,30.63719222,0,0,8.4583,0
7,0,1,0,54,0,0,51.8625,1
8,0,3,0,2,3,1,21.075,1
9,1,3,1,27,0,2,11.1333,1
10,1,2,1,14,1,0,30.0708,2
11,1,3,1,4,1,1,16.7,1
12,1,1,1,58,0,0,26.55,1
13,0,3,0,20,0,0,8.05,1
14,0,3,0,39,1,5,31.275,1
15,0,3,1,14,0,0,7.8542,1
16,1,2,1,55,0,0,16,1
17,0,3,0,2,4,1,29.125,0
18,1,2,0,35.5248,0,0,13,1
19,0,3,1,31,1,0,18,1
20,1,3,1,22.396665,0,0,7.225,2
21,0,2,0,35,0,0,26,1
22,1,2,0,34,0,0,13,1
23,1,3,1,15,0,0,8.0292,0
24,1,1,0,28,0,0,35.5,1
25,0,3,1,8,3,1,21.075,1
26,1,3,1,38,1,5,31.3875,1
27,0,3,0,25.862064999999998,0,0,7.225,2
28,0,1,0,19,3,2,263,1
29,1,3,1,27.18140528,0,0,7.8792,0
30,0,3,0,28.24872972,0,0,7.8958,1
31,0,1,0,40,0,0,27.7208,2
32,1,1,1,30.68175472,1,0,146.5208,2
33,1,3,1,27.18355,0,0,7.75,0
34,0,2,0,66,0,0,10.5,1
35,0,1,0,28,1,0,82.1708,2
36,0,1,0,42,1,0,52,1
37,1,3,0,25.86199528,0,0,7.2292,2
38,0,3,0,21,0,0,8.05,1
39,0,3,1,18,2,0,18,1
40,1,3,1,14,1,0,11.2417,2
41,0,3,1,40,1,0,9.475,1
42,0,2,1,27,1,0,21,1
43,0,3,0,25.85092972,0,0,7.8958,2
44,1,2,1,3,1,2,41.5792,2
45,1,3,1,19,0,0,7.8792,0
46,0,3,0,28.24617,0,0,8.05,1
47,0,3,0,26.396099999999997,1,0,15.5,0
48,1,3,1,27.18355,0,0,7.75,0
49,0,3,0,17.373725280000002,2,0,21.6792,2
50,0,3,1,18,1,0,17.8,1
51,0,3,0,7,4,1,39.6875,1
52,0,3,0,21,0,0,7.8,1
53,1,1,1,49,1,0,76.7292,2
54,1,2,1,29,1,0,26,1
55,0,1,0,65,0,1,61.9792,2
56,1,1,0,42.512100000000004,0,0,35.5,1
57,1,2,1,21,0,0,10.5,1
58,0,3,0,28.5,0,0,7.2292,2
59,1,2,1,5,1,2,27.75,1
60,0,3,0,11,5,2,46.9,1
61,0,3,0,22,0,0,7.2292,2
62,1,1,1,38,0,0,80,
63,0,1,0,45,1,0,83.475,1
64,0,3,0,4,3,2,27.9,1
65,0,1,0,40.243434719999996,0,0,27.7208,2
66,1,3,0,21.60471972,1,1,15.2458,2
67,1,2,1,29,0,0,10.5,1
68,0,3,0,19,0,0,8.1583,1
69,1,3,1,17,4,2,7.925,1
70,0,3,0,26,2,0,8.6625,1
71,0,2,0,32,0,0,10.5,1
72,0,3,1,16,5,2,46.9,1
73,0,2,0,21,0,0,73.5,1
74,0,3,0,26,1,0,14.4542,2
75,1,3,0,32,0,0,56.4958,1
76,0,3,0,25,0,0,7.65,1
77,0,3,0,28.24872972,0,0,7.8958,1
78,0,3,0,28.24617,0,0,8.05,1
79,1,2,0,0.83,0,2,29,1
80,1,3,1,30,0,0,12.475,1
81,0,3,0,22,0,0,9,1
82,1,3,0,29,0,0,9.5,1
83,1,3,1,27.1829275,0,0,7.7875,0
84,0,1,0,28,0,0,47.1,1
85,1,2,1,17,0,0,10.5,1
86,1,3,1,33,3,0,15.85,1
87,0,3,0,16,1,3,34.375,1
88,0,3,0,28.24617,0,0,8.05,1
89,1,1,1,23,3,2,263,1
90,0,3,0,24,0,0,8.05,1
91,0,3,0,29,0,0,8.05,1
92,0,3,0,20,0,0,7.8542,1
93,0,1,0,46,1,0,61.175,1
94,0,3,0,26,1,2,20.575,1
95,0,3,0,59,0,0,7.25,1
96,0,3,0,28.24617,0,0,8.05,1
97,0,1,0,71,0,0,34.6542,2
98,1,1,0,23,0,1,63.3583,2
99,1,2,1,34,0,1,23,1
100,0,2,0,34,1,0,26,1
101,0,3,1,28,0,0,7.8958,1
102,0,3,0,28.24872972,0,0,7.8958,1
103,0,1,0,21,0,1,77.2875,1
104,0,3,0,33,0,0,8.6542,1
105,0,3,0,37,2,0,7.925,1
106,0,3,0,28,0,0,7.8958,1
107,1,3,1,21,0,0,7.65,1
108,1,3,0,28.250735,0,0,7.775,1
109,0,3,0,38,0,0,7.8958,1
110,1,3,1,22.787110000000002,1,0,24.15,0
111,0,1,0,47,0,0,52,1
112,0,3,1,14.5,1,0,14.4542,2
113,0,3,0,22,0,0,8.05,1
114,0,3,1,20,1,0,9.825,1
115,0,3,1,17,0,0,14.4583,2
116,0,3,0,21,0,0,7.925,1
117,0,3,0,70.5,0,0,7.75,0
118,0,2,0,29,1,0,21,1
119,0,1,0,24,0,1,247.5208,2
120,0,3,1,2,4,2,31.275,1
121,0,2,0,21,2,0,73.5,1
122,0,3,0,28.24617,0,0,8.05,1
123,0,2,0,32.5,1,0,30.0708,2
124,1,2,1,32.5,0,0,13,1
125,0,1,0,54,0,1,77.2875,1
126,1,3,0,12,1,0,11.2417,2
127,0,3,0,30.64895,0,0,7.75,0
128,1,3,0,24,0,0,7.1417,1
129,1,3,1,18.02125222,1,1,22.3583,2
130,0,3,0,45,0,0,6.975,1
131,0,3,0,33,0,0,7.8958,2
132,0,3,0,20,0,0,7.05,1
133,0,3,1,47,1,0,14.5,1
134,1,2,1,29,1,0,26,1
135,0,2,0,25,0,0,13,1
136,0,2,0,23,0,0,15.0458,2
137,1,1,1,19,0,2,26.2833,1
138,0,1,0,37,1,0,53.1,1
139,0,3,0,16,0,0,9.2167,1
140,0,1,0,24,0,0,79.2,2
141,0,3,1,22.26351972,0,2,15.2458,2
142,1,3,1,22,0,0,7.75,1
143,1,3,1,24,1,0,15.85,1
144,0,3,0,19,0,0,6.75,0
145,0,2,0,18,0,0,11.5,1
146,0,2,0,19,1,1,36.75,1
147,1,3,0,27,0,0,7.7958,1
148,0,3,1,9,2,2,34.375,1
149,0,2,0,36.5,0,2,26,1
150,0,2,0,42,0,0,13,1
151,0,2,0,51,0,0,12.525,1
152,1,1,1,22,1,0,66.6,1
153,0,3,0,55.5,0,0,8.05,1
154,0,3,0,40.5,0,2,14.5,1
155,0,3,0,28.2584125,0,0,7.3125,1
156,0,1,0,51,0,1,61.3792,2
157,1,3,1,16,0,0,7.7333,0
158,0,3,0,30,0,0,8.05,1
159,0,3,0,28.236002499999998,0,0,8.6625,1
160,0,3,0,-5.768330000000006,8,2,69.55,1
161,0,3,0,44,0,1,16.1,1
162,1,2,1,40,0,0,15.75,1
163,0,3,0,26,0,0,7.775,1
164,0,3,0,17,0,0,8.6625,1
165,0,3,0,1,4,1,39.6875,1
166,1,3,0,9,0,2,20.525,1
167,1,1,1,38.723,0,1,55,1
168,0,3,1,45,1,4,27.9,1
169,0,1,0,42.671045,0,0,25.925,1
170,0,3,0,28,0,0,56.4958,1
171,0,1,0,61,0,0,33.5,1
172,0,3,0,4,4,1,29.125,0
173,1,3,1,1,1,1,11.1333,1
174,0,3,0,21,0,0,7.925,1
175,0,1,0,56,0,0,30.6958,2
176,0,3,0,18,1,1,7.8542,1
177,0,3,0,15.584452780000007,3,1,25.4667,1
178,0,1,1,50,0,0,28.7125,2
179,0,2,0,30,0,0,13,1
180,0,3,0,36,0,0,0,1
181,0,3,1,-9.233729999999994,8,2,69.55,1
182,0,2,0,33.09297,0,0,15.05,2
183,0,3,0,9,4,2,31.3875,1
184,1,2,0,1,2,1,39,1
185,1,3,1,4,0,2,22.025,1
186,0,1,0,42.2714,0,0,50,1
187,1,3,1,22.9307,1,0,15.5,0
188,1,1,0,45,0,0,26.55,1
189,0,3,0,40,1,1,15.5,0
190,0,3,0,36,0,0,7.8958,1
191,1,2,1,32,0,0,13,1
192,0,2,0,19,0,0,13,1
193,1,3,1,19,1,0,7.8542,1
194,1,2,0,3,1,1,26,1
195,1,1,1,44,0,0,27.7208,2
196,1,1,1,58,0,0,146.5208,2
197,0,3,0,30.64895,0,0,7.75,0
198,0,3,0,42,0,1,8.4042,1
199,1,3,1,27.18355,0,0,7.75,0
200,0,2,1,24,0,0,13,1
201,0,3,0,28,0,0,9.5,1
202,0,3,0,-5.768330000000006,8,2,69.55,1
203,0,3,0,34,0,0,6.4958,1
204,0,3,0,45.5,0,0,7.225,2
205,1,3,0,18,0,0,8.05,1
206,0,3,1,2,0,1,10.4625,1
207,0,3,0,32,1,0,15.85,1
208,1,3,0,26,0,0,18.7875,2
209,1,3,1,16,0,0,7.75,0
210,1,1,0,40,0,0,31,2
211,0,3,0,24,0,0,7.05,1
212,1,2,1,35,0,0,21,1
213,0,3,0,22,0,0,7.25,1
214,0,2,0,30,0,0,13,1
215,0,3,0,26.524749999999997,1,0,7.75,0
216,1,1,1,31,1,0,113.275,2
217,1,3,1,27,0,0,7.925,1
218,0,2,0,42,1,0,27,1
219,1,1,1,32,0,0,76.2917,2
220,0,2,0,30,0,0,10.5,1
221,1,3,0,16,0,0,8.05,1
222,0,2,0,27,0,0,13,1
223,0,3,0,51,0,0,8.05,1
224,0,3,0,28.24872972,0,0,7.8958,1
225,1,1,0,38,1,0,90,1
226,0,3,0,22,0,0,9.35,1
227,1,2,0,19,0,0,10.5,1
228,0,3,0,20.5,0,0,7.25,1
229,0,2,0,18,0,0,13,1
230,0,3,1,12.119052780000004,3,1,25.4667,1
231,1,1,1,35,1,0,83.475,1
232,0,3,0,29,0,0,7.775,1
233,0,2,0,59,0,0,13.5,1
234,1,3,1,5,4,2,31.3875,1
235,0,2,0,24,0,0,10.5,1
236,0,3,1,24.78907,0,0,7.55,1
237,0,2,0,44,1,0,26,1
238,1,2,1,8,0,2,26.25,1
239,0,2,0,19,0,0,10.5,1
240,0,2,0,33,0,0,12.275,1
241,0,3,1,18.15246028,1,0,14.4542,2
242,1,3,1,22.9307,1,0,15.5,0
243,0,2,0,29,0,0,10.5,1
244,0,3,0,22,0,0,7.125,1
245,0,3,0,30,0,0,7.225,2
246,0,1,0,44,2,0,90,0
247,0,3,1,25,0,0,7.775,1
248,1,2,1,24,0,2,14.5,1
249,1,1,0,37,1,1,52.5542,1
250,0,2,0,54,1,0,26,1
251,0,3,0,28.25945,0,0,7.25,1
252,0,3,1,29,1,1,10.4625,1
253,0,1,0,62,0,0,26.55,1
254,0,3,0,30,1,0,16.1,1
255,0,3,1,41,0,2,20.2125,1
256,1,3,1,29,0,2,15.2458,2
257,1,1,1,35.92348,0,0,79.2,2
258,1,1,1,30,0,0,86.5,1
259,1,1,1,35,0,0,512.3292,2
260,1,2,1,50,0,1,26,1
261,0,3,0,30.64895,0,0,7.75,0
262,1,3,0,3,4,2,31.3875,1
263,0,1,0,52,1,1,79.65,1
264,0,1,0,40,0,0,0,1
265,0,3,1,27.18355,0,0,7.75,0
266,0,2,0,36,0,0,10.5,1
267,0,3,0,16,4,1,39.6875,1
268,1,3,0,25,1,0,7.775,1
269,1,1,1,58,0,1,153.4625,1
270,1,1,1,35,0,0,135.6333,1
271,0,1,0,42.5868,0,0,31,1
272,1,3,0,25,0,0,0,1
273,1,2,1,41,0,1,19.5,1
274,0,1,0,37,0,1,29.7,2
275,1,3,1,27.18355,0,0,7.75,0
276,1,1,1,63,1,0,77.9583,1
277,0,3,1,45,0,0,7.75,1
278,0,2,0,35.7406,0,0,0,1
279,0,3,0,7,4,1,29.125,0
280,1,3,1,35,1,1,20.25,1
281,0,3,0,65,0,0,7.75,0
282,0,3,0,28,0,0,7.8542,1
283,0,3,0,16,0,0,9.5,1
284,1,3,0,19,0,0,8.05,1
285,0,1,0,42.669799999999995,0,0,26,1
286,0,3,0,33,0,0,8.6625,2
287,1,3,0,30,0,0,9.5,1
288,0,3,0,22,0,0,7.8958,1
289,1,2,0,42,0,0,13,1
290,1,3,1,22,0,0,7.75,0
291,1,1,1,26,0,0,78.85,1
292,1,1,1,19,1,0,91.0792,2
293,0,2,0,36,0,0,12.875,2
294,0,3,1,24,0,0,8.85,1
295,0,3,0,24,0,0,7.8958,1
296,0,1,0,40.243434719999996,0,0,27.7208,2
297,0,3,0,23.5,0,0,7.2292,2
298,0,1,1,2,1,2,151.55,1
299,1,1,0,42.5951,0,0,30.5,1
300,1,1,1,50,0,1,247.5208,2
301,1,3,1,27.18355,0,0,7.75,0
302,1,3,0,22.14325,2,0,23.25,0
303,0,3,0,19,0,0,0,1
304,1,2,1,34.46799,0,0,12.35,0
305,0,3,0,28.24617,0,0,8.05,1
306,1,1,0,0.92,1,2,151.55,1
307,1,1,1,35.39753722,0,0,110.8833,2
308,1,1,1,17,1,0,108.9,2
309,0,2,0,30,1,0,24,2
310,1,1,1,30,0,0,56.9292,2
311,1,1,1,24,0,0,83.1583,2
312,1,1,1,18,2,2,262.375,2
313,0,2,1,26,1,1,26,1
314,0,3,0,28,0,0,7.8958,1
315,0,2,0,43,1,1,26.25,1
316,1,3,1,26,0,0,7.8542,1
317,1,2,1,24,1,0,26,1
318,0,2,0,54,0,0,14,1
319,1,1,1,31,0,2,164.8667,1
320,1,1,1,40,1,1,134.5,2
321,0,3,0,22,0,0,7.25,1
322,0,3,0,27,0,0,7.8958,1
323,1,2,1,30,0,0,12.35,0
324,1,2,1,22,1,1,29,1
325,0,3,0,-5.768330000000006,8,2,69.55,1
326,1,1,1,36,0,0,135.6333,2
327,0,3,0,61,0,0,6.2375,1
328,1,2,1,36,0,0,13,1
329,1,3,1,31,1,1,20.525,1
330,1,1,1,16,0,1,57.9792,2
331,1,3,1,18.67785,2,0,23.25,0
332,0,1,0,45.5,0,0,28.5,1
333,0,1,0,38,0,1,153.4625,1
334,0,3,0,16,2,0,18,1
335,1,1,1,33.29321,1,0,133.65,1
336,0,3,0,28.24872972,0,0,7.8958,1
337,0,1,0,29,1,0,66.6,1
338,1,1,1,41,0,0,134.5,2
339,1,3,0,45,0,0,8.05,1
340,0,1,0,45,0,0,35.5,1
341,1,2,0,2,1,1,26,1
342,1,1,1,24,3,2,263,1
343,0,2,0,28,0,0,13,1
344,0,2,0,25,0,0,13,1
345,0,2,0,36,0,0,13,1
346,1,2,1,24,0,0,13,1
347,1,2,1,40,0,0,13,1
348,1,3,1,20.522940000000006,1,0,16.1,1
349,1,3,0,3,1,1,15.9,1
350,0,3,0,42,0,0,8.6625,1
351,0,3,0,23,0,0,9.225,1
352,0,1,0,42.520399999999995,0,0,35,1
353,0,3,0,15,1,1,7.2292,2
354,0,3,0,25,1,0,17.8,1
355,0,3,0,25.862064999999998,0,0,7.225,2
356,0,3,0,28,0,0,9.5,1
357,1,1,1,22,0,1,55,1
358,0,2,1,38,0,0,13,1
359,1,3,1,27.18140528,0,0,7.8792,0
360,1,3,1,27.18140528,0,0,7.8792,0
361,0,3,0,40,1,4,27.9,1
362,0,2,0,29,1,0,27.7208,2
363,0,3,1,45,0,1,14.4542,2
364,0,3,0,35,0,0,7.05,1
365,0,3,0,26.396099999999997,1,0,15.5,0
366,0,3,0,30,0,0,7.25,1
367,1,1,1,60,1,0,75.25,2
368,1,3,1,22.39659528,0,0,7.2292,2
369,1,3,1,27.18355,0,0,7.75,0
370,1,1,1,24,0,0,69.3,2
371,1,1,0,25,1,0,55.4417,2
372,0,3,0,18,1,0,6.4958,1
373,0,3,0,19,0,0,8.05,1
374,0,1,0,22,0,0,135.6333,2
375,0,3,1,3,3,1,21.075,1
376,1,1,1,31.749964719999998,1,0,82.1708,2
377,1,3,1,22,0,0,7.25,1
378,0,1,0,27,0,2,211.5,2
379,0,3,0,20,0,0,4.0125,2
380,0,3,0,19,0,0,7.775,1
381,1,1,1,42,0,0,227.525,2
382,1,3,1,1,0,2,15.7417,2
383,0,3,0,32,0,0,7.925,1
384,1,1,1,35,1,0,52,1
385,0,3,0,28.24872972,0,0,7.8958,1
386,0,2,0,18,0,0,73.5,1
387,0,3,0,1,5,2,46.9,1
388,1,2,1,36,0,0,13,1
389,0,3,0,30.64929528,0,0,7.7292,0
390,1,2,1,17,0,0,12,2
391,1,1,0,36,1,2,120,1
392,1,3,0,21,0,0,7.7958,1
393,0,3,0,28,2,0,7.925,1
394,1,1,1,23,1,0,113.275,2
395,1,3,1,24,0,2,16.7,1
396,0,3,0,22,0,0,7.7958,1
397,0,3,1,31,0,0,7.8542,1
398,0,2,0,46,0,0,26,1
399,0,2,0,23,0,0,10.5,1
400,1,2,1,28,0,0,12.65,1
401,1,3,0,39,0,0,7.925,1
402,0,3,0,26,0,0,8.05,1
403,0,3,1,21,1,0,9.825,1
404,0,3,0,28,1,0,15.85,1
405,0,3,1,20,0,0,8.6625,1
406,0,2,0,34,1,0,21,1
407,0,3,0,51,0,0,7.75,1
408,1,2,0,3,1,1,18.75,1
409,0,3,0,21,0,0,7.775,1
410,0,3,1,12.119052780000004,3,1,25.4667,1
411,0,3,0,28.24872972,0,0,7.8958,1
412,0,3,0,30.66375222,0,0,6.8583,0
413,1,1,1,33,1,0,90,0
414,0,2,0,35.7406,0,0,0,1
415,1,3,0,44,0,0,7.925,1
416,0,3,1,24.78077,0,0,8.05,1
417,1,2,1,34,1,1,32.5,1
418,1,2,1,18,0,2,13,1
419,0,2,0,30,0,0,13,1
420,0,3,1,10,0,2,24.15,1
421,0,3,0,25.85092972,0,0,7.8958,2
422,0,3,0,21,0,0,7.7333,0
423,0,3,0,29,0,0,7.875,1
424,0,3,1,28,1,1,14.4,1
425,0,3,0,18,1,1,20.2125,1
426,0,3,0,28.25945,0,0,7.25,1
427,1,2,1,28,1,0,26,1
428,1,2,1,19,0,0,26,1
429,0,3,0,30.64895,0,0,7.75,0
430,1,3,0,32,0,0,8.05,1
431,1,1,0,28,0,0,26.55,1
432,1,3,1,20.522940000000006,1,0,16.1,1
433,1,2,1,42,1,0,26,1
434,0,3,0,17,0,0,7.125,1
435,0,1,0,50,1,0,55.9,1
436,1,1,1,14,1,2,120,1
437,0,3,1,21,2,2,34.375,1
438,1,2,1,24,2,3,18.75,1
439,0,1,0,64,1,4,263,1
440,0,2,0,31,0,0,10.5,1
441,1,2,1,45,1,1,26.25,1
442,0,3,0,20,0,0,9.5,1
443,0,3,0,25,1,0,7.775,1
444,1,2,1,28,0,0,13,1
445,1,3,0,28.2451325,0,0,8.1125,1
446,1,1,0,4,0,2,81.8583,1
447,1,2,1,13,0,1,19.5,1
448,1,1,0,34,0,0,26.55,1
449,1,3,1,5,2,1,19.2583,2
450,1,1,0,52,0,0,30.5,1
451,0,2,0,36,1,2,27.75,1
452,0,3,0,23.924152779999996,1,0,19.9667,1
453,0,1,0,30,0,0,27.75,2
454,1,1,0,49,1,0,89.1042,2
455,0,3,0,28.24617,0,0,8.05,1
456,1,3,0,29,0,0,7.8958,2
457,0,1,0,65,0,0,26.55,1
458,1,1,1,34.6508825,1,0,51.8625,1
459,1,2,1,50,0,0,10.5,1
460,0,3,0,30.64895,0,0,7.75,0
461,1,1,0,48,0,0,26.55,1
462,0,3,0,34,0,0,8.05,1
463,0,1,0,47,0,0,38.5,1
464,0,2,0,48,0,0,13,1
465,0,3,0,28.24617,0,0,8.05,1
466,0,3,0,38,0,0,7.05,1
467,0,2,0,35.7406,0,0,0,1
468,0,1,0,56,0,0,26.55,1
469,0,3,0,30.649365,0,0,7.725,0
470,1,3,1,0.75,2,1,19.2583,2
471,0,3,0,28.25945,0,0,7.25,1
472,0,3,0,38,0,0,8.6625,1
473,1,2,1,33,1,2,27.75,1
474,1,2,1,23,0,0,13.7917,2
475,0,3,1,22,0,0,9.8375,1
476,0,1,0,42.2382,0,0,52,1
477,0,2,0,34,1,0,21,1
478,0,3,0,29,1,0,7.0458,1
479,0,3,0,22,0,0,7.5208,1
480,1,3,1,2,0,1,12.2875,1
481,0,3,0,9,5,2,46.9,1
482,0,2,0,35.7406,0,0,0,1
483,0,3,0,50,0,0,8.05,1
484,1,3,1,63,0,0,9.5875,1
485,1,1,0,25,1,0,91.0792,2
486,0,3,1,12.119052780000004,3,1,25.4667,1
487,1,1,1,35,1,0,90,1
488,0,1,0,58,0,0,29.7,2
489,0,3,0,30,0,0,8.05,1
490,1,3,0,9,1,1,15.9,1
491,0,3,0,23.924152779999996,1,0,19.9667,1
492,0,3,0,21,0,0,7.25,1
493,0,1,0,55,0,0,30.5,1
494,0,1,0,71,0,0,49.5042,2
495,0,3,0,21,0,0,8.05,1
496,0,3,0,25.74199222,0,0,14.4583,2
497,1,1,1,54,1,0,78.2667,2
498,0,3,0,28.12914,0,0,15.1,1
499,0,1,1,25,1,2,151.55,1
500,0,3,0,24,0,0,7.7958,1
501,0,3,0,17,0,0,8.6625,1
502,0,3,1,21,0,0,7.75,0
503,0,3,1,27.18555528,0,0,7.6292,0
504,0,3,1,37,0,0,9.5875,1
505,1,1,1,16,0,0,86.5,1
506,0,1,0,18,1,0,108.9,2
507,1,2,1,33,0,2,26,1
508,1,1,0,42.660669999999996,0,0,26.55,1
509,0,3,0,28,0,0,22.525,1
510,1,3,0,26,0,0,56.4958,1
511,1,3,0,29,0,0,7.75,0
512,0,3,0,28.24617,0,0,8.05,1
513,1,1,0,36,0,0,26.2875,1
514,1,1,1,54,1,0,59.4,2
515,0,3,0,24,0,0,7.4958,1
516,0,1,0,47,0,0,34.0208,1
517,1,2,1,34,0,0,10.5,1
518,0,3,0,30.37671,0,0,24.15,0
519,1,2,1,36,1,0,26,1
520,0,3,0,32,0,0,7.8958,1
521,1,1,1,30,0,0,93.5,1
522,0,3,0,22,0,0,7.8958,1
523,0,3,0,25.862064999999998,0,0,7.225,2
524,1,1,1,44,0,1,57.9792,2
525,0,3,0,25.86199528,0,0,7.2292,2
526,0,3,0,40.5,0,0,7.75,0
527,1,2,1,50,0,0,10.5,1
528,0,1,0,39.419865279999996,0,0,221.7792,1
529,0,3,0,39,0,0,7.925,1
530,0,2,0,23,2,1,11.5,1
531,1,2,1,2,1,1,26,1
532,0,3,0,25.86199528,0,0,7.2292,2
533,0,3,0,17,1,1,7.2292,2
534,1,3,1,22.14545222,0,2,22.3583,2
535,0,3,1,30,0,0,8.6625,1
536,1,2,1,7,0,2,26.25,1
537,0,1,0,45,0,0,26.55,1
538,1,1,1,30,0,0,106.425,2
539,0,3,0,28.1391,0,0,14.5,1
540,1,1,1,22,0,2,49.5,2
541,1,1,1,36,0,2,71,1
542,0,3,1,9,4,2,31.275,1
543,0,3,1,11,4,2,31.275,1
544,1,2,0,32,1,0,26,1
545,0,1,0,50,1,0,106.425,2
546,0,1,0,64,0,0,26,1
547,1,2,1,19,1,0,26,1
548,1,2,0,33.1126825,0,0,13.8625,2
549,0,3,0,33,1,1,20.525,1
550,1,2,0,8,1,1,36.75,1
551,1,1,0,17,0,2,110.8833,2
552,0,2,0,27,0,0,26,1
553,0,3,0,30.64763528,0,0,7.8292,0
554,1,3,0,22,0,0,7.225,2
555,1,3,1,22,0,0,7.775,1
556,0,1,0,62,0,0,26.55,1
557,1,1,1,48,1,0,39.6,2
558,0,1,0,36.926685,0,0,227.525,2
559,1,1,1,39,1,1,79.65,1
560,1,3,1,36,1,0,17.4,1
561,0,3,0,30.64895,0,0,7.75,0
562,0,3,0,40,0,0,7.8958,1
563,0,2,0,28,0,0,13.5,1
564,0,3,0,28.24617,0,0,8.05,1
565,0,3,1,24.78077,0,0,8.05,1
566,0,3,0,24,2,0,24.15,1
567,0,3,0,19,0,0,7.8958,1
568,0,3,1,29,0,4,21.075,1
569,0,3,0,25.86199528,0,0,7.2292,2
570,1,3,0,32,0,0,7.8542,1
571,1,2,0,62,0,0,10.5,1
572,1,1,1,53,2,0,51.4792,1
573,1,1,0,36,0,0,26.3875,1
574,1,3,1,27.18355,0,0,7.75,0
575,0,3,0,16,0,0,8.05,1
576,0,3,0,19,0,0,14.5,1
577,1,2,1,34,0,0,13,1
578,1,1,1,39,1,0,55.9,1
579,0,3,1,18.152392220000003,1,0,14.4583,2
580,1,3,0,32,0,0,7.925,1
581,1,2,1,25,1,1,30,1
582,1,1,1,39,1,1,110.8833,2
583,0,2,0,54,0,0,26,1
584,0,1,0,36,0,0,40.125,2
585,0,3,0,25.8373725,0,0,8.7125,2
586,1,1,1,18,0,2,79.65,1
587,0,2,0,47,0,0,15,1
588,1,1,0,60,1,1,79.2,2
589,0,3,0,22,0,0,8.05,1
590,0,3,0,28.24617,0,0,8.05,1
591,0,3,0,35,0,0,7.125,1
592,1,1,1,52,1,0,78.2667,2
593,0,3,0,47,0,0,7.25,1
594,0,3,1,27.18355,0,2,7.75,0
595,0,2,0,37,1,0,26,1
596,0,3,0,36,1,1,24.15,1
597,1,2,1,31.7274,0,0,33,1
598,0,3,0,49,0,0,0,1
599,0,3,0,25.862064999999998,0,0,7.225,2
600,1,1,0,49,1,0,56.9292,2
601,1,2,1,24,2,1,27,1
602,0,3,0,28.24872972,0,0,7.8958,1
603,0,1,0,42.39756,0,0,42.4,1
604,0,3,0,44,0,0,8.05,1
605,1,1,0,35,0,0,26.55,2
606,0,3,0,36,1,0,15.55,1
607,0,3,0,30,0,0,7.8958,1
608,1,1,0,27,0,0,30.5,1
609,1,2,1,22,1,2,41.5792,2
610,1,1,1,40,0,0,153.4625,1
611,0,3,1,39,1,5,31.275,1
612,0,3,0,28.26277,0,0,7.05,1
613,1,3,1,22.9307,1,0,15.5,0
614,0,3,0,30.64895,0,0,7.75,0
615,0,3,0,35,0,0,8.05,1
616,1,2,1,24,1,2,65,1
617,0,3,0,34,1,1,14.4,1
618,0,3,1,26,1,0,16.1,1
619,1,2,1,4,2,1,39,1
620,0,2,0,26,0,0,10.5,1
621,0,3,0,27,1,0,14.4542,2
622,1,1,0,42,1,0,52.5542,1
623,1,3,0,20,1,1,15.7417,2
624,0,3,0,21,0,0,7.8542,1
625,0,3,0,21,0,0,16.1,1
626,0,1,0,61,0,0,32.3208,1
627,0,2,0,57,0,0,12.35,0
628,1,1,1,21,0,0,77.9583,1
629,0,3,0,26,0,0,7.8958,1
630,0,3,0,30.64922722,0,0,7.7333,0
631,1,1,0,80,0,0,30,1
632,0,3,0,51,0,0,7.0542,1
633,1,1,0,32,0,0,30.5,2
634,0,1,0,43.1014,0,0,0,1
635,0,3,1,9,3,2,27.9,1
636,1,2,1,28,0,0,13,1
637,0,3,0,32,0,0,7.925,1
638,0,2,0,31,1,1,26.25,1
639,0,3,1,41,0,5,39.6875,1
640,0,3,0,23.988339999999997,1,0,16.1,1
641,0,3,0,20,0,0,7.8542,1
642,1,1,1,24,0,0,69.3,2
643,0,3,1,2,3,2,27.9,1
644,1,3,0,27.44196972,0,0,56.4958,1
645,1,3,1,0.75,2,1,19.2583,2
646,1,1,0,48,1,0,76.7292,2
647,0,3,0,19,0,0,7.8958,1
648,1,1,0,56,0,0,35.5,2
649,0,3,0,28.254469999999998,0,0,7.55,1
650,1,3,1,23,0,0,7.55,1
651,0,3,0,28.24872972,0,0,7.8958,1
652,1,2,1,18,0,1,23,1
653,0,3,0,21,0,0,8.4333,1
654,1,3,1,27.18223528,0,0,7.8292,0
655,0,3,1,18,0,0,6.75,0
656,0,2,0,24,2,0,73.5,1
657,0,3,0,28.24872972,0,0,7.8958,1
658,0,3,1,32,1,1,15.5,0
659,0,2,0,23,0,0,13,1
660,0,1,0,58,0,2,113.275,2
661,1,1,0,50,2,0,133.65,1
662,0,3,0,40,0,0,7.225,2
663,0,1,0,47,0,0,25.5875,1
664,0,3,0,36,0,0,7.4958,1
665,1,3,0,20,1,0,7.925,1
666,0,2,0,32,2,0,73.5,1
667,0,2,0,25,0,0,13,1
668,0,3,0,28.250735,0,0,7.775,1
669,0,3,0,43,0,0,8.05,1
670,1,1,1,34.6486,1,0,52,1
671,1,2,1,40,1,1,39,1
672,0,1,0,31,1,0,52,1
673,0,2,0,70,0,0,10.5,1
674,1,2,0,31,0,0,13,1
675,0,2,0,35.7406,0,0,0,1
676,0,3,0,18,0,0,7.775,1
677,0,3,0,24.5,0,0,8.05,1
678,1,3,1,18,0,0,9.8417,1
679,0,3,1,43,1,6,46.9,1
680,1,1,0,36,0,1,512.3292,2
681,0,3,1,27.1771175,0,0,8.1375,0
682,1,1,0,27,0,0,76.7292,2
683,0,3,0,20,0,0,9.225,1
684,0,3,0,14,5,2,46.9,1
685,0,2,0,60,1,1,39,1
686,0,2,0,25,1,2,41.5792,2
687,0,3,0,14,4,1,39.6875,1
688,0,3,0,19,0,0,10.1708,1
689,0,3,0,18,0,0,7.7958,1
690,1,1,1,15,0,1,211.3375,1
691,1,1,0,31,1,0,57,1
692,1,3,1,4,0,1,13.4167,2
693,1,3,0,27.44196972,0,0,56.4958,1
694,0,3,0,25,0,0,7.225,2
695,0,1,0,60,0,0,26.55,1
696,0,2,0,52,0,0,13.5,1
697,0,3,0,44,0,0,8.05,1
698,1,3,1,27.18382722,0,0,7.7333,0
699,0,1,0,49,1,1,110.8833,2
700,0,3,0,42,0,0,7.65,1
701,1,1,1,18,1,0,227.525,2
702,1,1,0,35,0,0,26.2875,1
703,0,3,1,18,0,1,14.4542,2
704,0,3,0,25,0,0,7.7417,0
705,0,3,0,26,1,0,7.8542,1
706,0,2,0,39,0,0,26,1
707,1,2,1,45,0,0,13.5,1
708,1,1,0,42,0,0,26.2875,1
709,1,1,1,22,0,0,151.55,1
710,1,3,0,21.60471972,1,1,15.2458,2
711,1,1,1,24,0,0,49.5042,2
712,0,1,0,42.660669999999996,0,0,26.55,1
713,1,1,0,48,1,0,52,1
714,0,3,0,29,0,0,9.4833,1
715,0,2,0,52,0,0,13,1
716,0,3,0,19,0,0,7.65,1
717,1,1,1,38,0,0,227.525,2
718,1,2,1,27,0,0,10.5,1
719,0,3,0,30.5203,0,0,15.5,0
720,0,3,0,33,0,0,7.775,1
721,1,2,1,6,0,1,33,1
722,0,3,0,17,1,0,7.0542,1
723,0,2,0,34,0,0,13,1
724,0,2,0,50,0,0,13,1
725,1,1,0,27,1,0,53.1,1
726,0,3,0,20,0,0,8.6625,1
727,1,2,1,30,3,0,21,1
728,1,3,1,27.183757500000002,0,0,7.7375,0
729,0,2,0,25,1,0,26,1
730,0,3,1,25,1,0,7.925,1
731,1,1,1,29,0,0,211.3375,1
732,0,3,0,11,0,0,18.7875,2
733,0,2,0,35.7406,0,0,0,1
734,0,2,0,23,0,0,13,1
735,0,2,0,23,0,0,13,1
736,0,3,0,28.5,0,0,16.1,1
737,0,3,1,48,1,3,34.375,1
738,1,1,0,35,0,0,512.3292,2
739,0,3,0,28.24872972,0,0,7.8958,1
740,0,3,0,28.24872972,0,0,7.8958,1
741,1,1,0,42.6034,0,0,30,1
742,0,1,0,36,1,0,78.85,1
743,1,1,1,21,2,2,262.375,2
744,0,3,0,24,1,0,16.1,1
745,1,3,0,31,0,0,7.925,1
746,0,1,0,70,1,1,71,1
747,0,3,0,16,1,1,20.25,1
748,1,2,1,30,0,0,13,1
749,0,1,0,19,1,0,53.1,1
750,0,3,0,31,0,0,7.75,0
751,1,2,1,4,1,1,23,1
752,1,3,0,6,0,1,12.475,1
753,0,3,0,33,0,0,9.5,1
754,0,3,0,23,0,0,7.8958,1
755,1,2,1,48,1,2,65,1
756,1,2,0,0.67,1,1,14.5,1
757,0,3,0,28,0,0,7.7958,1
758,0,2,0,18,0,0,11.5,1
759,0,3,0,34,0,0,8.05,1
760,1,1,1,33,0,0,86.5,1
761,0,3,0,28.1391,0,0,14.5,1
762,0,3,0,41,0,0,7.125,1
763,1,3,0,20,0,0,7.2292,2
764,1,1,1,36,1,2,120,1
765,0,3,0,16,0,0,7.775,1
766,1,1,1,51,1,0,77.9583,1
767,0,1,0,40.04624,0,0,39.6,2
768,0,3,1,30.5,0,0,7.75,0
769,0,3,0,26.252509999999997,1,0,24.15,0
770,0,3,0,32,0,0,8.3625,1
771,0,3,0,24,0,0,9.5,1
772,0,3,0,48,0,0,7.8542,1
773,0,2,1,57,0,0,10.5,1
774,0,3,0,25.862064999999998,0,0,7.225,2
775,1,2,1,54,1,3,23,1
776,0,3,0,18,0,0,7.75,1
777,0,3,0,30.64895,0,0,7.75,0
778,1,3,1,5,0,0,12.475,1
779,0,3,0,30.6491575,0,0,7.7375,0
780,1,1,1,43,0,1,211.3375,1
781,1,3,1,13,0,0,7.2292,2
782,1,1,1,17,1,0,57,1
783,0,1,0,29,0,0,30,1
784,0,3,0,23.866329999999998,1,2,23.45,1
785,0,3,0,25,0,0,7.05,1
786,0,3,0,25,0,0,7.25,1
787,1,3,1,18,0,0,7.4958,1
788,0,3,0,8,4,1,29.125,0
789,1,3,0,1,1,2,20.575,1
790,0,1,0,46,0,0,79.2,2
791,0,3,0,30.64895,0,0,7.75,0
792,0,2,0,16,0,0,26,1
793,0,3,1,-9.233729999999994,8,2,69.55,1
794,0,1,0,40.194049719999995,0,0,30.6958,2
795,0,3,0,25,0,0,7.8958,1
796,0,2,0,39,0,0,13,1
797,1,1,1,49,0,0,25.9292,1
798,1,3,1,31,0,0,8.6833,1
799,0,3,0,30,0,0,7.2292,2
800,0,3,1,30,1,1,24.15,1
801,0,2,0,34,0,0,13,1
802,1,2,1,31,1,1,26.25,1
803,1,1,0,11,1,2,120,1
804,1,3,0,0.42,0,1,8.5167,2
805,1,3,0,27,0,0,6.975,1
806,0,3,0,31,0,0,7.775,1
807,0,1,0,39,0,0,0,1
808,0,3,1,18,0,0,7.775,1
809,0,2,0,39,0,0,13,1
810,1,1,1,33,1,0,53.1,1
811,0,3,0,26,0,0,7.8875,1
812,0,3,0,39,0,0,24.15,1
813,0,2,0,35,0,0,10.5,1
814,0,3,1,6,4,2,31.275,1
815,0,3,0,30.5,0,0,8.05,1
816,0,1,0,43.1014,0,0,0,1
817,0,3,1,23,0,0,7.925,1
818,0,2,0,31,1,1,37.0042,2
819,0,3,0,43,0,0,6.45,1
820,0,3,0,10,3,2,27.9,1
821,1,1,1,52,1,1,93.5,1
822,1,3,0,27,0,0,8.6625,1
823,0,1,0,38,0,0,0,1
824,1,3,1,27,0,1,12.475,1
825,0,3,0,2,4,1,39.6875,1
826,0,3,0,30.66223,0,0,6.95,0
827,0,3,0,27.44196972,0,0,56.4958,1
828,1,2,0,1,0,2,37.0042,2
829,1,3,0,30.64895,0,0,7.75,0
830,1,1,1,62,0,0,80,
831,1,3,1,15,1,0,14.4542,2
832,1,2,0,0.83,1,1,18.75,1
833,0,3,0,25.86199528,0,0,7.2292,2
834,0,3,0,23,0,0,7.8542,1
835,0,3,0,18,0,0,8.3,1
836,1,1,1,39,1,1,83.1583,2
837,0,3,0,21,0,0,8.6625,1
838,0,3,0,28.24617,0,0,8.05,1
839,1,3,0,32,0,0,56.4958,1
840,1,1,0,40.21058,0,0,29.7,2
841,0,3,0,20,0,0,7.925,1
842,0,2,0,16,0,0,10.5,1
843,1,1,1,30,0,0,31,2
844,0,3,0,34.5,0,0,6.4375,2
845,0,3,0,17,0,0,8.6625,1
846,0,3,0,42,0,0,7.55,1
847,0,3,0,-5.768330000000006,8,2,69.55,1
848,0,3,0,35,0,0,7.8958,2
849,0,2,0,28,0,1,33,1
850,1,1,1,31.634870279999998,1,0,89.1042,2
851,0,3,0,4,4,2,31.275,1
852,0,3,0,74,0,0,7.775,1
853,0,3,1,9,1,1,15.2458,2
854,1,1,1,16,0,1,39.4,1
855,0,2,1,44,1,0,26,1
856,1,3,1,18,0,1,9.35,1
857,1,1,1,45,1,1,164.8667,1
858,1,1,0,51,0,0,26.55,1
859,1,3,1,24,0,3,19.2583,2
860,0,3,0,25.86199528,0,0,7.2292,2
861,0,3,0,41,2,0,14.1083,1
862,0,2,0,21,1,0,11.5,1
863,1,1,1,48,0,0,25.9292,1
864,0,3,1,-9.233729999999994,8,2,69.55,1
865,0,2,0,24,0,0,13,1
866,1,2,1,42,0,0,13,1
867,1,2,1,27,1,0,13.8583,2
868,0,1,0,31,0,0,50.4958,1
869,0,3,0,28.2221,0,0,9.5,1
870,1,3,0,4,1,1,11.1333,1
871,0,3,0,26,0,0,7.8958,1
872,1,1,1,47,1,1,52.5542,1
873,0,1,0,33,0,0,5,1
874,0,3,0,47,0,0,9,1
875,1,2,1,28,1,0,24,2
876,1,3,1,15,0,0,7.225,2
877,0,3,0,20,0,0,9.8458,1
878,0,3,0,19,0,0,7.8958,1
879,0,3,0,28.24872972,0,0,7.8958,1
880,1,1,1,56,0,1,83.1583,2
881,1,2,1,25,0,1,26,1
882,0,3,0,33,0,0,7.8958,1
883,0,3,1,22,0,0,10.5167,1
884,0,2,0,28,0,0,10.5,1
885,0,3,0,25,0,0,7.05,1
886,0,3,1,39,0,5,29.125,0
887,0,2,0,27,0,0,13,1
888,1,1,1,19,0,0,30,1
889,0,3,1,20.400930000000002,1,2,23.45,1
890,1,1,0,26,0,0,30,2
891,0,3,0,32,0,0,7.75,0
